{
	"start":	{
		"connected":	[{
				"socket":	6,
				"local_host":	"10.0.0.3",
				"local_port":	47734,
				"remote_host":	"10.0.0.1",
				"remote_port":	5201
			}],
		"version":	"iperf 3.1.3",
		"system_info":	"Linux ps-1804-vb 5.3.0-62-generic #56~18.04.1-Ubuntu SMP Wed Jun 24 16:17:03 UTC 2020 x86_64",
		"timestamp":	{
			"time":	"Wed, 08 Jul 2020 20:39:38 GMT",
			"timesecs":	1594240778
		},
		"connecting_to":	{
			"host":	"10.0.0.1",
			"port":	5201
		},
		"cookie":	"ps-1804-vb.1594240778.288379.0406030",
		"tcp_mss_default":	1448,
		"test_start":	{
			"protocol":	"TCP",
			"num_streams":	1,
			"blksize":	131072,
			"omit":	0,
			"duration":	10,
			"bytes":	0,
			"blocks":	0,
			"reverse":	0
		}
	},
	"intervals":	[{
			"streams":	[{
					"socket":	6,
					"start":	0,
					"end":	1.000919,
					"seconds":	1.000919,
					"bytes":	15490704,
					"bits_per_second":	123811836.092946,
					"retransmits":	15,
					"snd_cwnd":	59368,
					"rtt":	4332,
					"omitted":	false
				}],
			"sum":	{
				"start":	0,
				"end":	1.000919,
				"seconds":	1.000919,
				"bytes":	15490704,
				"bits_per_second":	123811836.092946,
				"retransmits":	15,
				"omitted":	false
			}
		}, {
			"streams":	[{
					"socket":	6,
					"start":	1.000919,
					"end":	2.000741,
					"seconds":	0.999822,
					"bytes":	14400360,
					"bits_per_second":	115223401.135485,
					"retransmits":	15,
					"snd_cwnd":	49232,
					"rtt":	3017,
					"omitted":	false
				}],
			"sum":	{
				"start":	1.000919,
				"end":	2.000741,
				"seconds":	0.999822,
				"bytes":	14400360,
				"bits_per_second":	115223401.135485,
				"retransmits":	15,
				"omitted":	false
			}
		}, {
			"streams":	[{
					"socket":	6,
					"start":	2.000741,
					"end":	3.001073,
					"seconds":	1.000332,
					"bytes":	14204880,
					"bits_per_second":	113601311.064207,
					"retransmits":	29,
					"snd_cwnd":	91224,
					"rtt":	6899,
					"omitted":	false
				}],
			"sum":	{
				"start":	2.000741,
				"end":	3.001073,
				"seconds":	1.000332,
				"bytes":	14204880,
				"bits_per_second":	113601311.064207,
				"retransmits":	29,
				"omitted":	false
			}
		}, {
			"streams":	[{
					"socket":	6,
					"start":	3.001073,
					"end":	4.000146,
					"seconds":	0.999073,
					"bytes":	14074560,
					"bits_per_second":	112700950.561930,
					"retransmits":	29,
					"snd_cwnd":	73848,
					"rtt":	5084,
					"omitted":	false
				}],
			"sum":	{
				"start":	3.001073,
				"end":	4.000146,
				"seconds":	0.999073,
				"bytes":	14074560,
				"bits_per_second":	112700950.561930,
				"retransmits":	29,
				"omitted":	false
			}
		}, {
			"streams":	[{
					"socket":	6,
					"start":	4.000146,
					"end":	5.001121,
					"seconds":	1.000975,
					"bytes":	14074560,
					"bits_per_second":	112486817.325086,
					"retransmits":	43,
					"snd_cwnd":	68056,
					"rtt":	3506,
					"omitted":	false
				}],
			"sum":	{
				"start":	4.000146,
				"end":	5.001121,
				"seconds":	1.000975,
				"bytes":	14074560,
				"bits_per_second":	112486817.325086,
				"retransmits":	43,
				"omitted":	false
			}
		}, {
			"streams":	[{
					"socket":	6,
					"start":	5.001121,
					"end":	6.000074,
					"seconds":	0.998953,
					"bytes":	12641040,
					"bits_per_second":	101234301.783660,
					"retransmits":	52,
					"snd_cwnd":	53576,
					"rtt":	3749,
					"omitted":	false
				}],
			"sum":	{
				"start":	5.001121,
				"end":	6.000074,
				"seconds":	0.998953,
				"bytes":	12641040,
				"bits_per_second":	101234301.783660,
				"retransmits":	52,
				"omitted":	false
			}
		}, {
			"streams":	[{
					"socket":	6,
					"start":	6.000074,
					"end":	7.000053,
					"seconds":	0.999979,
					"bytes":	13553280,
					"bits_per_second":	108428540.772698,
					"retransmits":	2,
					"snd_cwnd":	114392,
					"rtt":	8269,
					"omitted":	false
				}],
			"sum":	{
				"start":	6.000074,
				"end":	7.000053,
				"seconds":	0.999979,
				"bytes":	13553280,
				"bits_per_second":	108428540.772698,
				"retransmits":	2,
				"omitted":	false
			}
		}, {
			"streams":	[{
					"socket":	6,
					"start":	7.000053,
					"end":	8.000061,
					"seconds":	1.000008,
					"bytes":	13422960,
					"bits_per_second":	107382809.530066,
					"retransmits":	25,
					"snd_cwnd":	82536,
					"rtt":	5556,
					"omitted":	false
				}],
			"sum":	{
				"start":	7.000053,
				"end":	8.000061,
				"seconds":	1.000008,
				"bytes":	13422960,
				"bits_per_second":	107382809.530066,
				"retransmits":	25,
				"omitted":	false
			}
		}, {
			"streams":	[{
					"socket":	6,
					"start":	8.000061,
					"end":	9.000057,
					"seconds":	0.999996,
					"bytes":	13553280,
					"bits_per_second":	108426679.465893,
					"retransmits":	65,
					"snd_cwnd":	62264,
					"rtt":	4509,
					"omitted":	false
				}],
			"sum":	{
				"start":	8.000061,
				"end":	9.000057,
				"seconds":	0.999996,
				"bytes":	13553280,
				"bits_per_second":	108426679.465893,
				"retransmits":	65,
				"omitted":	false
			}
		}, {
			"streams":	[{
					"socket":	6,
					"start":	9.000057,
					"end":	10.001016,
					"seconds":	1.000959,
					"bytes":	13162320,
					"bits_per_second":	105197658.829872,
					"retransmits":	20,
					"snd_cwnd":	112944,
					"rtt":	8268,
					"omitted":	false
				}],
			"sum":	{
				"start":	9.000057,
				"end":	10.001016,
				"seconds":	1.000959,
				"bytes":	13162320,
				"bits_per_second":	105197658.829872,
				"retransmits":	20,
				"omitted":	false
			}
		}],
	"end":	{
		"streams":	[{
				"sender":	{
					"socket":	6,
					"start":	0,
					"end":	10.001016,
					"seconds":	10.001016,
					"bytes":	138577944,
					"bits_per_second":	110851091.177397,
					"retransmits":	295,
					"max_snd_cwnd":	114392,
					"max_rtt":	8269,
					"min_rtt":	3017,
					"mean_rtt":	5318
				},
				"receiver":	{
					"socket":	6,
					"start":	0,
					"end":	10.001016,
					"seconds":	10.001016,
					"bytes":	137927792,
					"bits_per_second":	110331022.423663
				}
			}],
		"sum_sent":	{
			"start":	0,
			"end":	10.001016,
			"seconds":	10.001016,
			"bytes":	138577944,
			"bits_per_second":	110851091.177397,
			"retransmits":	295
		},
		"sum_received":	{
			"start":	0,
			"end":	10.001016,
			"seconds":	10.001016,
			"bytes":	137927792,
			"bits_per_second":	110331022.423663
		},
		"cpu_utilization_percent":	{
			"host_total":	0.341963,
			"host_user":	0,
			"host_system":	0.341963,
			"remote_total":	5.929850,
			"remote_user":	0.343251,
			"remote_system":	5.586603
		}
	}
}
