{
	"start":	{
		"connected":	[{
				"socket":	6,
				"local_host":	"10.0.0.3",
				"local_port":	47782,
				"remote_host":	"10.0.0.1",
				"remote_port":	5201
			}],
		"version":	"iperf 3.1.3",
		"system_info":	"Linux ps-1804-vb 5.3.0-62-generic #56~18.04.1-Ubuntu SMP Wed Jun 24 16:17:03 UTC 2020 x86_64",
		"timestamp":	{
			"time":	"Wed, 08 Jul 2020 21:02:42 GMT",
			"timesecs":	1594242162
		},
		"connecting_to":	{
			"host":	"10.0.0.1",
			"port":	5201
		},
		"cookie":	"ps-1804-vb.1594242162.737707.379df2d",
		"tcp_mss_default":	1448,
		"test_start":	{
			"protocol":	"TCP",
			"num_streams":	1,
			"blksize":	131072,
			"omit":	0,
			"duration":	10,
			"bytes":	0,
			"blocks":	0,
			"reverse":	0
		}
	},
	"intervals":	[{
			"streams":	[{
					"socket":	6,
					"start":	0,
					"end":	1.000071,
					"seconds":	1.000071,
					"bytes":	16953184,
					"bits_per_second":	135615836.666146,
					"retransmits":	9,
					"snd_cwnd":	115840,
					"rtt":	7823,
					"omitted":	false
				}],
			"sum":	{
				"start":	0,
				"end":	1.000071,
				"seconds":	1.000071,
				"bytes":	16953184,
				"bits_per_second":	135615836.666146,
				"retransmits":	9,
				"omitted":	false
			}
		}, {
			"streams":	[{
					"socket":	6,
					"start":	1.000071,
					"end":	2.000446,
					"seconds":	1.000375,
					"bytes":	14726160,
					"bits_per_second":	117765142.330498,
					"retransmits":	18,
					"snd_cwnd":	78192,
					"rtt":	5241,
					"omitted":	false
				}],
			"sum":	{
				"start":	1.000071,
				"end":	2.000446,
				"seconds":	1.000375,
				"bytes":	14726160,
				"bits_per_second":	117765142.330498,
				"retransmits":	18,
				"omitted":	false
			}
		}, {
			"streams":	[{
					"socket":	6,
					"start":	2.000446,
					"end":	3.000161,
					"seconds":	0.999715,
					"bytes":	14465520,
					"bits_per_second":	115757140.390255,
					"retransmits":	3,
					"snd_cwnd":	91224,
					"rtt":	6393,
					"omitted":	false
				}],
			"sum":	{
				"start":	2.000446,
				"end":	3.000161,
				"seconds":	0.999715,
				"bytes":	14465520,
				"bits_per_second":	115757140.390255,
				"retransmits":	3,
				"omitted":	false
			}
		}, {
			"streams":	[{
					"socket":	6,
					"start":	3.000161,
					"end":	4.000847,
					"seconds":	1.000686,
					"bytes":	14139720,
					"bits_per_second":	113040222.291829,
					"retransmits":	45,
					"snd_cwnd":	95568,
					"rtt":	6548,
					"omitted":	false
				}],
			"sum":	{
				"start":	3.000161,
				"end":	4.000847,
				"seconds":	1.000686,
				"bytes":	14139720,
				"bits_per_second":	113040222.291829,
				"retransmits":	45,
				"omitted":	false
			}
		}, {
			"streams":	[{
					"socket":	6,
					"start":	4.000847,
					"end":	5.000161,
					"seconds":	0.999314,
					"bytes":	14595840,
					"bits_per_second":	116846868.802172,
					"retransmits":	5,
					"snd_cwnd":	72400,
					"rtt":	4601,
					"omitted":	false
				}],
			"sum":	{
				"start":	4.000847,
				"end":	5.000161,
				"seconds":	0.999314,
				"bytes":	14595840,
				"bits_per_second":	116846868.802172,
				"retransmits":	5,
				"omitted":	false
			}
		}, {
			"streams":	[{
					"socket":	6,
					"start":	5.000161,
					"end":	6.000749,
					"seconds":	1.000588,
					"bytes":	13944240,
					"bits_per_second":	111488371.502770,
					"retransmits":	14,
					"snd_cwnd":	105704,
					"rtt":	7131,
					"omitted":	false
				}],
			"sum":	{
				"start":	5.000161,
				"end":	6.000749,
				"seconds":	1.000588,
				"bytes":	13944240,
				"bits_per_second":	111488371.502770,
				"retransmits":	14,
				"omitted":	false
			}
		}, {
			"streams":	[{
					"socket":	6,
					"start":	6.000749,
					"end":	7.000232,
					"seconds":	0.999483,
					"bytes":	14530680,
					"bits_per_second":	116305557.351613,
					"retransmits":	39,
					"snd_cwnd":	99912,
					"rtt":	6961,
					"omitted":	false
				}],
			"sum":	{
				"start":	6.000749,
				"end":	7.000232,
				"seconds":	0.999483,
				"bytes":	14530680,
				"bits_per_second":	116305557.351613,
				"retransmits":	39,
				"omitted":	false
			}
		}, {
			"streams":	[{
					"socket":	6,
					"start":	7.000232,
					"end":	8.000216,
					"seconds":	0.999984,
					"bytes":	14856480,
					"bits_per_second":	118853738.574945,
					"retransmits":	73,
					"snd_cwnd":	82536,
					"rtt":	4831,
					"omitted":	false
				}],
			"sum":	{
				"start":	7.000232,
				"end":	8.000216,
				"seconds":	0.999984,
				"bytes":	14856480,
				"bits_per_second":	118853738.574945,
				"retransmits":	73,
				"omitted":	false
			}
		}, {
			"streams":	[{
					"socket":	6,
					"start":	8.000216,
					"end":	9.000641,
					"seconds":	1.000425,
					"bytes":	14204880,
					"bits_per_second":	113590779.604651,
					"retransmits":	36,
					"snd_cwnd":	104256,
					"rtt":	5888,
					"omitted":	false
				}],
			"sum":	{
				"start":	8.000216,
				"end":	9.000641,
				"seconds":	1.000425,
				"bytes":	14204880,
				"bits_per_second":	113590779.604651,
				"retransmits":	36,
				"omitted":	false
			}
		}, {
			"streams":	[{
					"socket":	6,
					"start":	9.000641,
					"end":	10.001175,
					"seconds":	1.000534,
					"bytes":	14074560,
					"bits_per_second":	112536379.089537,
					"retransmits":	64,
					"snd_cwnd":	110048,
					"rtt":	7483,
					"omitted":	false
				}],
			"sum":	{
				"start":	9.000641,
				"end":	10.001175,
				"seconds":	1.000534,
				"bytes":	14074560,
				"bits_per_second":	112536379.089537,
				"retransmits":	64,
				"omitted":	false
			}
		}],
	"end":	{
		"streams":	[{
				"sender":	{
					"socket":	6,
					"start":	0,
					"end":	10.001175,
					"seconds":	10.001175,
					"bytes":	146491264,
					"bits_per_second":	117179243.497136,
					"retransmits":	306,
					"max_snd_cwnd":	115840,
					"max_rtt":	7823,
					"min_rtt":	4601,
					"mean_rtt":	6290
				},
				"receiver":	{
					"socket":	6,
					"start":	0,
					"end":	10.001175,
					"seconds":	10.001175,
					"bytes":	145854144,
					"bits_per_second":	116669607.375647
				}
			}],
		"sum_sent":	{
			"start":	0,
			"end":	10.001175,
			"seconds":	10.001175,
			"bytes":	146491264,
			"bits_per_second":	117179243.497136,
			"retransmits":	306
		},
		"sum_received":	{
			"start":	0,
			"end":	10.001175,
			"seconds":	10.001175,
			"bytes":	145854144,
			"bits_per_second":	116669607.375647
		},
		"cpu_utilization_percent":	{
			"host_total":	0.334607,
			"host_user":	0,
			"host_system":	0.334607,
			"remote_total":	14.304080,
			"remote_user":	0.612197,
			"remote_system":	13.691874
		}
	}
}
